household_size,num_rooms,ac_units,fans,refrigerators,washing_machines,tv_units,computers,monthly_ac_hours,monthly_other_appliance_hours,units_consumed_kwh,electricity_bill_inr
7,2,2,4,0,0,2,3,53,290,363.7,2722
4,3,1,4,0,0,0,3,183,386,324.9,2420
5,1,0,4,0,2,2,0,221,307,175.3,1410
7,5,2,6,0,1,1,0,178,298,454.6,3400
3,5,3,7,2,2,3,2,275,126,598.1,4415
5,4,0,2,2,1,3,1,111,229,269.8,1975
5,2,0,7,2,0,2,0,223,115,246.4,1876
7,1,3,5,2,2,1,2,213,357,626.1,4605
2,2,3,4,0,2,2,1,58,397,327.3,2470
3,1,1,7,2,2,2,3,108,220,323.9,2406
7,4,2,6,0,1,0,2,156,71,419.9,3155
3,4,3,5,2,1,2,3,190,156,522.8,3843
3,5,3,3,1,0,0,0,199,372,543.6,4040
5,2,2,7,2,1,0,0,195,276,445.1,3352
4,6,3,3,2,1,3,1,34,265,368.4,2720
3,5,3,4,0,0,0,2,245,118,492.0,3596
6,2,1,6,2,2,0,3,236,133,387.9,2921
5,5,0,6,1,2,3,1,103,152,303.0,2202
2,6,0,7,0,0,2,0,6,88,182.0,1477
4,3,0,5,0,2,1,0,282,62,144.5,1141
6,3,0,5,2,1,1,2,0,346,296.1,2225
6,3,3,6,0,0,1,3,218,362,575.8,4279
2,3,2,5,0,0,2,2,229,230,342.4,2594
4,1,2,6,0,0,0,3,171,317,376.5,2811
5,3,1,7,0,2,1,3,86,62,283.8,2196
1,6,1,2,0,0,2,2,40,169,180.8,1361
4,4,3,6,0,0,0,1,122,106,430.7,3244
2,4,2,3,1,0,3,2,297,89,433.9,3159
6,1,2,5,2,2,1,2,177,385,451.4,3381
5,3,0,6,1,1,0,0,62,177,209.5,1589
4,3,3,6,0,0,1,0,164,222,436.0,3161
1,3,3,7,0,1,1,2,186,84,464.3,3458
1,5,0,5,2,2,1,2,208,308,210.7,1615
3,2,3,2,1,2,0,0,226,54,469.5,3388
3,5,3,7,2,2,2,3,47,267,418.1,2984
7,2,1,2,1,2,0,2,223,60,345.5,2578
2,3,2,7,0,1,1,1,2,376,233.0,1875
4,3,3,5,2,0,0,1,174,166,492.9,3668
4,5,1,1,2,2,3,1,98,233,314.8,2326
7,5,2,5,0,2,2,2,115,165,424.9,3224
6,2,0,5,2,1,0,3,269,211,276.3,2144
6,4,1,2,1,1,3,3,252,116,399.4,3052
7,2,1,2,1,2,2,0,94,249,325.7,2486
6,5,2,5,1,0,3,2,272,80,536.5,4016
3,6,0,5,1,0,2,3,23,124,288.7,2223
4,5,1,5,0,2,0,2,115,286,257.0,1922
7,6,3,2,2,1,3,0,150,376,558.2,4021
4,1,3,5,1,2,1,0,49,115,290.4,2160
1,5,3,5,0,2,3,0,205,119,454.1,3436
3,1,0,4,2,1,2,1,78,346,234.3,1764
5,4,1,1,2,2,0,2,69,69,332.6,2486
3,2,3,3,0,2,2,0,26,275,305.2,2227
7,6,0,1,0,2,3,2,270,248,336.5,2490
5,2,3,4,1,1,3,1,49,88,353.0,2641
1,1,2,3,2,0,1,1,291,194,433.2,3249
7,6,1,7,2,0,0,0,246,94,438.6,3230
2,2,1,5,0,1,0,0,263,375,273.8,2040
4,5,0,4,2,0,3,3,78,140,303.7,2337
1,3,0,7,1,2,0,2,189,287,195.8,1529
4,1,1,5,2,0,1,0,46,119,262.8,2019
6,2,3,2,0,2,2,3,188,215,529.4,4003
2,1,3,6,0,0,0,2,255,179,477.9,3511
2,1,2,4,1,1,3,0,221,263,350.3,2619
1,6,3,2,1,0,2,3,240,389,549.6,4090
2,6,0,4,2,0,2,3,268,138,249.7,1846
5,3,0,4,2,0,1,2,0,384,254.8,1948
2,5,3,2,0,1,3,3,33,301,327.7,2461
4,1,0,3,1,0,0,2,78,398,199.3,1702
4,2,1,1,1,1,3,2,235,121,303.4,2290
7,4,1,5,1,2,2,2,97,214,392.8,2998
4,1,3,4,2,0,3,1,81,98,397.1,3009
7,1,1,5,1,1,0,3,191,101,378.6,2757
4,3,1,6,0,1,0,2,252,338,335.6,2423
5,5,2,2,0,0,1,0,37,327,298.6,2265
7,4,2,5,2,2,0,1,13,163,340.9,2630
3,6,1,2,2,1,0,1,208,288,350.1,2638
6,6,3,5,1,0,3,3,88,182,485.4,3600
1,2,2,1,2,2,3,2,55,323,351.2,2612
4,4,0,1,0,1,2,3,93,215,254.9,1856
2,6,0,1,1,1,1,1,92,342,221.7,1639
4,2,0,1,0,2,3,2,84,292,220.5,1590
2,5,3,1,1,2,0,0,244,369,548.7,3984
6,2,1,1,2,0,2,2,21,187,277.0,2063
6,6,0,2,1,0,3,1,290,128,300.0,2307
6,3,3,4,1,1,1,0,271,219,582.3,4266
2,3,2,5,0,2,1,2,121,172,309.2,2342
4,3,1,1,0,2,2,0,127,225,228.7,1755
6,6,2,2,1,2,2,0,112,349,433.6,3252
5,3,3,2,2,1,2,1,272,131,615.1,4467
7,4,0,2,2,2,2,0,129,136,280.7,2185
2,5,0,4,0,2,2,3,131,274,210.3,1530
2,2,3,5,2,1,0,1,84,65,368.0,2723
4,2,0,4,0,0,0,3,80,359,211.0,1618
2,6,1,3,2,0,3,0,68,212,254.4,1977
2,3,3,7,1,1,1,3,147,147,479.5,3635
6,3,2,2,0,2,0,2,15,205,292.8,2254
4,1,3,3,0,1,0,0,104,51,355.1,2742
6,5,1,6,1,0,0,2,164,399,354.3,2601
7,4,1,1,0,0,3,3,200,218,373.3,2859
7,2,3,7,2,1,2,2,196,364,612.0,4568
6,1,3,1,2,1,3,0,184,374,525.0,3736
7,1,0,4,0,0,1,2,264,141,239.2,1809
4,6,1,7,2,1,1,3,99,230,351.3,2665
1,2,3,5,0,0,1,3,213,280,429.1,3159
6,6,3,3,1,1,1,3,277,350,713.2,5170
5,4,1,5,0,1,0,0,161,197,285.6,2283
5,1,3,4,1,1,0,3,156,329,489.9,3634
2,1,0,1,2,0,3,0,250,238,181.1,1412
7,5,1,7,1,1,2,2,96,396,400.5,2905
5,4,0,5,2,0,1,3,17,399,285.7,2120
2,1,0,5,0,0,3,2,96,363,200.2,1488
1,4,0,1,2,1,0,1,0,177,186.4,1507
4,2,0,7,0,1,0,2,215,56,198.5,1559
4,3,1,3,0,0,2,1,131,96,262.0,1952
4,1,0,1,1,0,2,2,259,102,225.8,1759
5,5,0,5,1,2,2,0,124,236,250.3,1887
1,2,3,3,1,0,3,2,81,87,327.3,2471
5,4,1,3,1,2,0,0,282,275,353.1,2656
7,6,1,1,2,2,0,0,170,102,339.9,2572
5,2,2,5,2,2,2,3,58,273,343.2,2589
1,1,1,4,2,1,1,0,31,203,166.8,1326
1,4,1,5,0,1,2,1,160,97,225.6,1800
7,3,2,2,2,0,3,3,283,400,620.6,4607
1,2,1,7,2,2,2,3,105,196,295.4,2207
1,1,1,6,2,1,2,2,104,113,257.2,1946
4,5,1,4,1,1,3,0,227,398,346.5,2669
7,6,1,3,2,1,2,0,187,231,406.2,3031
3,4,2,4,0,1,0,1,69,174,329.3,2449
3,2,1,7,1,1,1,2,289,228,316.1,2338
1,2,1,3,0,2,2,2,86,88,215.3,1667
3,3,2,7,2,2,3,3,55,309,401.4,2939
3,3,3,3,1,2,1,3,112,52,430.1,3274
1,5,0,4,0,2,3,3,12,113,240.1,1766
3,6,3,3,2,0,1,1,17,78,325.3,2531
5,5,2,3,0,2,1,1,181,60,421.6,3118
2,1,0,2,0,1,2,3,112,146,166.9,1237
7,1,2,5,0,2,0,2,228,252,476.4,3541
2,5,2,5,2,0,2,1,170,70,362.3,2651
1,6,1,6,2,1,3,2,294,88,377.8,2822
4,5,0,6,0,2,3,2,188,272,270.6,2014
7,6,1,2,1,2,1,0,78,151,342.6,2623
1,6,0,6,1,2,1,3,145,95,259.5,1977
4,4,2,7,2,1,0,0,181,115,402.6,2927
2,6,2,4,2,1,2,3,285,140,529.9,3879
1,3,3,1,2,0,3,3,249,213,565.6,4215
7,6,0,7,2,1,1,2,195,160,355.9,2740
7,6,1,1,2,1,0,3,70,387,375.2,2799
6,6,3,1,1,2,3,2,247,172,647.3,4698
5,1,3,2,2,1,1,2,145,242,510.8,3841
3,3,3,7,0,2,3,3,105,148,380.7,2883
4,3,1,2,0,2,0,2,262,340,333.1,2577
6,5,3,3,1,1,0,2,295,208,686.6,5061
3,4,1,1,0,0,3,2,69,152,243.0,1818
3,6,3,4,1,0,2,1,192,330,532.2,3963
1,2,1,6,1,1,3,2,67,92,253.0,1941
3,4,2,4,0,0,1,1,51,133,270.0,2010
5,4,2,6,2,2,2,1,284,240,547.2,4052
7,3,2,1,0,2,1,2,8,100,315.4,2359
6,4,2,1,0,1,3,2,250,259,497.7,3728
3,6,2,1,1,0,2,1,297,175,518.0,3859
1,6,3,2,0,0,1,1,183,118,422.3,3077
5,1,3,7,1,2,3,2,178,314,522.0,3789
2,6,3,6,2,1,3,2,197,307,572.2,4214
7,6,1,7,2,0,2,3,127,237,407.6,3037
7,3,1,2,2,1,3,1,19,279,322.7,2469
6,6,1,2,0,0,0,1,64,238,285.3,2185
7,1,1,5,1,2,1,3,181,59,360.0,2780
3,2,2,4,2,2,1,1,240,163,427.8,3152
1,3,2,4,1,1,3,0,23,125,239.1,1790
7,2,2,3,1,2,3,1,82,213,381.6,2790
7,3,0,2,2,0,0,3,184,134,304.5,2337
2,5,3,6,2,2,2,0,98,98,416.0,3097
2,4,1,5,1,1,3,2,61,375,267.3,1913
4,5,1,5,2,1,3,3,285,226,439.7,3278
5,6,2,7,1,1,3,3,21,267,400.7,3001
3,2,1,4,1,0,3,2,211,238,273.7,2062
7,6,1,2,2,0,1,3,125,395,421.2,3150
7,4,3,3,0,0,3,1,41,279,380.2,2764
1,3,2,2,2,0,1,2,97,304,333.3,2598
4,4,3,7,0,0,3,3,30,285,351.0,2650
5,1,0,1,1,2,2,2,157,75,197.2,1413
4,4,0,2,1,0,0,2,111,121,214.1,1641
6,1,0,7,0,0,2,2,246,310,226.9,1758
5,4,2,1,1,2,3,0,121,303,405.9,2956
7,1,1,1,0,0,3,3,272,320,367.6,2779
7,2,2,3,0,1,3,0,293,172,494.5,3761
5,6,2,6,1,0,2,3,206,193,519.6,3802
7,6,1,4,0,0,3,1,109,306,382.6,2880
3,5,3,2,2,1,2,1,277,193,613.8,4532
5,6,0,1,2,1,1,1,55,308,282.1,2189
4,3,3,2,1,1,0,3,56,96,364.1,2715
5,4,0,6,1,1,0,2,290,400,288.8,2115
7,5,2,4,0,0,2,2,113,62,383.3,2914
3,3,0,6,0,1,1,0,197,257,198.6,1469
3,3,2,4,0,1,2,0,178,360,342.4,2674
6,1,3,5,0,2,1,1,218,284,550.1,4094
4,6,2,4,2,1,3,0,276,198,487.9,3577
2,2,3,3,2,1,1,3,15,371,355.7,2728
2,2,1,6,1,2,1,3,60,204,272.6,2062
5,5,1,1,0,2,1,0,53,215,239.6,1812
6,2,1,5,0,0,0,0,167,139,282.6,2094
1,4,2,3,1,2,1,0,25,235,227.9,1628
5,2,1,2,0,0,3,0,64,367,243.0,1886
6,5,0,6,0,2,3,1,99,223,287.8,2074
4,2,3,7,0,2,3,1,73,266,358.4,2633
4,4,3,7,0,0,1,0,191,313,499.8,3725
4,1,0,1,0,2,2,3,170,146,219.8,1653
4,5,2,4,1,0,2,1,272,166,481.7,3578
4,1,2,1,0,2,3,3,186,248,399.6,2904
6,1,3,7,1,1,0,2,22,369,374.8,2778
6,1,1,2,0,2,2,3,180,70,342.4,2575
3,3,2,5,2,0,1,0,107,249,339.9,2490
2,6,2,5,2,2,2,2,161,390,411.7,3165
7,3,0,6,2,0,3,1,205,297,293.0,2171
4,6,0,5,2,0,0,1,77,325,260.6,2059
1,1,1,6,1,1,2,2,15,313,178.8,1377
7,5,2,6,1,1,2,3,95,107,442.5,3192
6,6,2,6,0,0,3,1,146,351,469.5,3412
1,4,0,7,2,2,0,0,1,80,207.4,1604
1,4,2,7,1,0,0,2,9,298,260.9,2040
1,2,3,4,0,0,3,0,124,142,344.1,2684
3,6,0,3,0,2,1,2,80,314,283.4,2148
6,5,1,6,1,2,2,1,139,320,395.1,2874
1,3,0,6,2,2,1,3,149,143,235.0,1809
4,1,2,3,0,2,2,2,287,203,426.4,3121
5,2,1,1,2,0,2,2,128,334,353.2,2667
1,4,0,6,2,0,1,0,238,129,181.3,1349
3,3,3,4,2,1,3,1,57,341,375.5,2678
7,3,3,5,0,0,3,0,197,133,519.9,3922
6,1,0,5,2,2,2,1,210,86,249.9,1886
3,6,3,2,0,1,3,0,44,391,368.6,2757
1,4,3,2,2,2,2,2,96,376,402.3,3056
6,5,3,5,0,0,3,0,278,281,615.1,4641
5,3,1,5,2,1,2,3,22,142,300.6,2308
1,1,3,7,1,2,3,1,43,385,312.4,2355
3,5,3,4,2,1,0,1,26,151,324.2,2462
2,6,3,3,2,1,1,2,281,215,599.5,4399
4,4,1,2,0,0,0,1,96,208,222.6,1705
7,6,0,7,0,2,1,3,35,63,334.2,2515
3,3,2,7,2,1,1,0,108,274,344.8,2535
6,5,3,3,1,1,2,2,54,122,393.8,2937
1,5,0,7,1,2,1,3,191,298,228.4,1767
4,5,3,4,0,1,0,1,218,140,525.1,3912
1,3,1,5,1,1,0,1,184,265,257.2,1978
6,3,0,6,2,1,3,3,68,139,313.9,2280
1,6,1,3,0,2,0,0,129,78,225.2,1795
2,2,3,5,2,2,3,0,54,354,320.5,2476
4,6,3,5,0,2,1,2,96,269,454.3,3365
4,4,1,1,0,2,0,1,86,377,239.1,1849
6,1,2,3,0,0,1,3,293,264,499.5,3683
7,5,1,7,0,1,0,0,118,270,350.2,2667
2,2,3,6,1,2,0,2,207,91,472.2,3451
3,1,1,3,2,1,3,1,153,184,292.3,2285
1,2,2,7,2,1,1,1,34,91,241.5,1881
5,6,1,5,2,0,0,2,78,213,346.6,2639
1,3,2,6,0,2,2,2,66,332,305.6,2294
1,5,2,7,1,2,1,0,33,107,239.8,1742
3,6,1,4,2,1,1,3,96,351,357.2,2725
1,1,1,7,1,2,1,1,168,371,293.3,2129
2,1,0,1,0,1,3,3,168,74,167.2,1358
2,1,3,5,2,1,2,1,150,122,406.2,2978
4,1,2,7,1,0,1,1,70,178,342.5,2471
6,1,0,2,0,0,0,3,2,136,217.7,1667
7,2,1,2,1,0,0,2,31,379,309.8,2402
5,6,3,1,2,1,3,0,286,202,656.5,4769
1,5,0,4,2,2,0,1,81,231,216.4,1754
1,3,2,5,0,0,1,2,42,174,224.5,1756
3,3,0,3,0,2,0,1,104,116,179.1,1399
6,6,2,1,0,0,1,0,0,55,295.4,2201
2,6,1,4,1,0,0,1,60,174,235.5,1774
5,3,3,3,1,1,2,0,269,363,590.1,4375
4,3,3,2,1,0,3,0,179,375,476.1,3579
2,2,3,2,0,0,3,1,223,102,432.4,3178
6,4,1,3,2,1,2,1,5,115,292.3,2156
7,5,2,1,2,2,2,0,102,363,424.0,3140
4,1,1,2,1,0,3,2,9,131,231.6,1851
7,4,3,5,1,1,2,3,70,136,476.1,3455
3,6,1,6,2,0,1,0,89,51,308.3,2388
3,3,1,7,2,1,0,1,225,253,331.1,2486
1,4,1,3,1,2,3,1,157,199,281.0,2024
7,5,2,3,1,2,2,2,227,342,541.1,3968
6,6,0,2,2,1,1,3,125,152,275.3,2119
5,1,0,1,0,1,3,0,208,73,156.9,1338
4,1,1,5,1,1,2,0,96,261,274.7,1998
2,5,0,1,2,2,3,3,73,114,266.3,1848
6,5,0,4,2,0,2,0,114,258,300.4,2184
6,3,1,4,2,2,3,3,190,300,412.9,3141
3,1,1,6,2,1,1,1,169,166,246.5,1767
7,6,3,2,0,1,1,3,203,165,567.8,4278
1,4,0,2,2,2,0,0,55,286,166.4,1371
1,6,2,2,1,1,3,3,207,154,428.8,3199
4,2,1,6,0,2,0,2,40,308,251.5,1873
3,2,3,4,2,1,3,1,31,95,354.0,2652
6,5,2,1,0,0,2,1,14,360,348.0,2642
5,3,0,6,1,0,2,3,61,380,312.9,2380
3,2,3,6,2,1,0,0,154,265,420.6,3233
4,1,1,1,1,2,3,2,283,350,367.9,2733
4,6,2,2,2,0,0,1,208,382,447.6,3245
3,6,1,5,2,2,1,1,186,73,346.5,2506
4,5,0,1,2,1,0,0,129,84,204.6,1472
3,4,2,4,2,2,0,0,126,73,371.6,2787
2,5,0,3,2,0,2,2,291,77,202.4,1543
3,4,0,3,0,2,0,3,113,65,166.3,1299
7,5,3,7,2,2,3,0,198,108,644.2,4706
3,5,1,7,2,1,2,3,12,292,323.4,2362
4,5,2,6,0,1,0,2,270,256,455.1,3414
7,4,0,3,0,1,1,3,88,320,292.4,2057
4,4,0,5,0,0,0,1,214,298,196.3,1465
1,5,2,2,0,0,0,3,277,316,424.3,3202
1,2,0,4,0,1,0,2,202,242,162.4,1215
7,3,3,7,0,1,2,2,73,384,461.3,3445
2,3,3,5,2,0,3,2,24,267,330.6,2432
1,3,3,4,2,0,1,3,100,164,376.2,2781
3,4,3,4,1,0,0,1,175,117,470.7,3524
4,4,0,2,2,0,3,0,116,348,206.3,1509
1,2,2,6,2,1,3,1,165,374,355.4,2704
1,3,2,3,0,0,2,3,40,124,218.3,1675
2,3,2,2,0,1,1,3,119,152,332.6,2570
7,5,2,5,2,2,2,0,96,346,430.1,3209
7,4,1,6,1,2,3,3,144,227,384.8,2806
6,3,2,5,0,0,3,2,215,264,472.6,3606
2,6,1,6,2,2,3,2,228,364,368.7,2695
3,2,1,7,2,2,2,2,129,88,298.2,2233
7,6,3,5,1,2,1,2,136,308,600.1,4478
4,6,1,2,1,0,0,2,272,253,381.2,2732
2,2,0,6,0,0,2,3,116,56,167.3,1391
1,6,1,6,1,2,3,0,93,98,256.0,1874
4,3,3,4,2,1,2,0,167,75,489.5,3597
4,4,1,4,2,2,3,2,202,210,388.8,2917
1,2,0,1,1,0,0,3,148,225,159.5,1246
2,5,0,5,1,0,0,1,182,128,188.3,1503
1,6,0,4,1,0,1,1,151,51,145.5,1052
6,2,3,1,1,2,3,3,73,181,396.3,2997
4,1,3,7,0,1,1,2,273,325,570.1,4253
5,1,2,7,1,0,1,0,41,166,269.3,2101
5,4,3,4,0,0,0,3,211,213,548.3,3952
3,3,0,5,2,2,2,1,100,337,250.9,1818
7,4,0,6,1,1,2,1,44,77,269.7,2021
1,4,3,3,0,2,1,1,81,382,339.9,2466
1,4,1,5,1,0,0,2,16,50,186.2,1332
3,4,3,2,2,1,3,1,72,237,429.9,3172
3,5,3,7,2,1,2,3,13,105,366.8,2755
3,5,0,4,2,0,1,3,156,84,214.5,1812
4,2,2,4,1,1,2,1,222,161,453.7,3400
6,1,0,6,1,1,2,3,131,335,269.1,2143
1,4,2,2,0,2,3,1,46,359,246.4,1871
4,2,0,6,2,0,0,1,106,85,252.7,1953
3,1,3,2,1,0,3,0,107,266,366.5,2730
1,6,0,3,2,0,0,2,264,129,216.3,1818
4,3,0,7,2,0,2,2,204,363,283.7,2102
6,5,0,4,0,0,1,0,78,132,227.4,1704
4,6,3,4,0,1,3,0,154,114,449.4,3383
6,1,3,3,0,2,0,2,270,374,592.2,4376
3,6,3,1,0,0,2,1,246,177,565.6,4147
6,3,3,7,2,2,0,1,18,356,394.5,2998
1,1,2,6,0,2,0,2,25,71,230.4,1756
3,6,2,3,0,1,0,1,216,265,408.9,3041
1,5,1,6,0,0,2,0,153,156,218.9,1690
5,5,3,5,0,1,1,1,153,158,445.4,3203
2,2,2,4,2,0,1,1,173,230,369.5,2665
6,6,0,6,0,1,1,3,91,213,331.9,2555
2,4,3,2,2,2,0,3,180,117,470.6,3448
2,6,1,6,1,0,2,3,130,341,333.0,2490
6,1,1,5,2,2,0,1,297,229,361.8,2802
3,1,1,7,2,2,1,2,274,230,340.2,2544
5,6,0,4,0,1,1,0,272,218,243.8,1843
1,3,2,3,1,0,2,1,75,71,217.6,1720
4,5,0,5,1,2,0,2,176,115,248.8,1855
1,1,3,4,1,1,3,1,183,70,397.0,3031
4,5,1,6,1,0,3,0,130,149,315.5,2424
1,1,0,7,2,0,1,1,48,349,172.6,1453
6,2,0,1,1,2,2,0,54,152,252.9,1879
5,4,2,7,2,0,0,1,153,96,403.2,3085
4,1,2,1,2,2,0,0,199,88,351.1,2661
7,5,1,2,2,0,1,1,117,334,343.9,2497
3,2,0,7,1,1,1,0,262,359,162.5,1114
1,1,0,4,0,2,0,3,45,139,160.8,1210
1,3,2,1,0,2,0,1,188,134,367.5,2764
4,4,0,3,1,0,1,1,128,322,236.5,1829
3,1,0,4,0,0,0,2,48,385,209.2,1603
3,2,0,3,0,2,3,2,24,237,227.6,1736
6,3,2,7,2,0,1,0,265,208,487.8,3605
7,6,1,3,2,1,0,1,117,292,410.6,3118
6,2,3,1,1,0,1,0,143,122,425.3,3076
6,2,1,4,1,1,2,3,199,98,352.3,2653
6,3,3,6,0,1,1,2,156,150,485.6,3547
6,2,0,5,2,1,1,0,133,51,238.9,1766
6,3,1,1,1,1,2,0,147,293,337.1,2598
5,1,3,1,1,1,3,2,70,225,369.1,2699
3,3,2,6,1,0,0,1,232,287,430.1,3188
6,3,2,4,1,1,2,0,298,108,517.7,3945
3,4,1,4,1,0,1,2,153,148,296.2,2283
3,3,1,7,1,1,0,1,89,51,287.0,2139
2,3,0,3,0,2,2,3,198,292,233.1,1756
5,6,1,7,2,1,0,2,160,346,414.1,3008
6,1,0,6,2,2,0,0,25,260,255.1,2015
1,4,0,7,1,1,2,3,120,172,218.8,1736
4,6,2,6,2,1,0,1,300,278,543.7,4056
7,5,2,4,2,1,3,1,211,131,515.4,3859
1,1,3,3,2,2,2,2,62,193,318.0,2343
5,1,2,7,1,2,3,2,67,189,305.9,2210
4,5,2,1,1,1,1,2,252,78,473.0,3539
5,3,1,2,2,0,0,1,1,319,290.7,2246
3,6,2,5,2,1,1,3,107,296,385.4,2971
4,2,3,1,1,2,1,1,285,61,583.2,4287
3,4,1,4,0,1,0,0,48,386,219.8,1662
1,2,3,5,2,2,2,1,139,155,400.0,2966
1,5,2,2,0,2,0,0,217,81,369.6,2801
4,1,3,2,2,2,1,3,43,123,337.2,2511
4,1,1,3,0,1,1,2,268,220,290.6,2189
6,4,0,5,0,2,2,2,77,386,327.0,2504
5,1,3,3,0,2,0,1,215,118,489.3,3585
6,1,3,1,1,1,1,2,97,350,451.8,3436
5,4,1,6,0,2,3,3,235,186,353.2,2681
6,6,1,6,0,1,1,2,281,149,373.9,2681
3,6,3,6,0,2,1,1,148,195,438.7,3228
4,4,2,5,2,0,2,3,65,58,346.5,2473
1,5,3,6,0,0,3,0,233,111,449.5,3325
5,1,1,1,2,2,1,1,86,234,299.2,2224
5,1,0,3,0,0,1,0,78,78,174.9,1409
1,5,0,5,0,1,3,3,204,163,185.1,1380
6,6,2,3,1,0,0,1,278,192,495.6,3692
5,3,3,5,2,2,0,1,253,169,584.4,4342
7,3,0,3,0,2,1,3,129,219,262.2,2003
3,3,3,2,2,1,1,2,83,206,329.7,2542
4,6,1,3,2,2,0,1,275,384,400.3,3106
1,6,0,6,1,1,2,1,186,398,214.2,1649
4,5,2,2,1,0,3,0,45,309,308.7,2347
7,1,1,3,1,0,3,2,182,131,328.9,2415
5,5,2,5,1,1,2,0,267,291,514.4,3743
5,5,1,5,1,1,2,0,295,221,432.4,3275
7,6,0,5,1,2,2,2,99,280,321.7,2470
1,3,2,4,1,0,2,2,77,257,311.5,2281
3,2,2,1,1,1,2,3,271,124,453.0,3283
2,1,1,5,0,0,2,2,161,319,249.6,1858
1,6,2,2,2,1,3,1,43,163,289.3,2174
2,3,1,5,1,0,2,2,237,111,295.2,2201
7,2,1,4,1,2,0,3,133,369,397.1,2969
6,2,1,6,2,0,2,3,191,151,356.2,2720
2,6,1,2,0,0,2,3,277,259,332.2,2520
3,4,0,4,2,0,3,2,17,304,278.3,2136
6,1,1,6,2,0,3,2,11,69,313.0,2207
2,2,3,7,1,0,2,0,179,107,401.1,2891
7,6,2,7,2,2,3,0,122,161,466.6,3412
6,6,3,2,2,1,1,1,245,362,656.8,4791
7,3,0,3,1,0,3,0,221,245,278.9,2158
2,4,3,1,1,2,3,1,50,141,346.3,2541
7,1,2,1,1,0,3,3,70,101,370.8,2810
3,5,3,4,1,0,3,0,47,342,359.7,2643
2,3,0,6,2,1,0,2,18,57,208.4,1528
2,2,1,1,2,0,0,0,261,349,315.9,2305
2,2,3,6,0,2,0,1,83,147,312.5,2485
1,3,0,6,0,2,2,0,154,285,162.8,1224
1,6,0,4,2,1,2,3,52,118,216.1,1697
1,2,2,4,0,0,1,2,106,94,232.5,1681
3,4,2,4,2,2,0,1,134,186,380.2,2923
6,1,3,1,0,0,2,2,68,283,356.6,2688
7,4,1,7,1,0,3,2,10,81,325.8,2462
5,2,0,4,0,0,3,1,142,338,256.4,1971
2,5,3,1,1,1,0,2,191,175,504.7,3765
7,1,0,4,1,0,1,2,68,116,294.8,2271
2,1,0,5,1,2,1,0,22,79,185.1,1397
3,3,1,6,1,0,3,2,180,163,356.1,2624
2,3,1,4,0,2,1,2,292,253,325.2,2444
1,5,3,2,2,0,0,2,8,78,250.6,1945
5,6,1,6,1,2,3,2,270,180,402.9,2997
4,1,1,6,0,2,2,1,92,234,288.8,2226
2,5,3,4,1,0,2,3,16,302,326.0,2484
7,3,1,7,0,0,1,0,153,335,335.9,2505
1,3,2,3,0,2,3,2,148,111,311.5,2238
4,1,0,7,0,1,3,2,266,52,193.6,1464
5,4,0,4,2,0,2,1,105,117,264.0,2105
4,2,0,6,0,1,3,3,34,74,201.8,1573
1,3,0,2,0,0,3,2,118,228,164.4,1245
6,6,3,6,2,0,3,1,13,190,431.1,3219
6,6,0,7,2,0,1,0,13,280,255.7,1982
4,3,0,2,0,0,3,0,265,349,168.1,1272
3,4,0,1,2,1,0,2,139,212,240.5,1906
7,4,0,5,1,0,1,2,293,360,330.1,2506
7,5,2,6,1,2,3,3,118,179,464.1,3376
4,6,0,4,2,2,3,3,237,295,278.6,2157
2,5,2,1,2,1,0,2,33,346,331.4,2462
2,6,3,5,0,0,1,1,168,221,426.9,3163
7,2,1,4,2,2,2,3,9,113,333.0,2437
7,2,0,3,0,1,2,2,121,80,256.8,1987
6,1,1,4,1,0,1,3,144,96,304.8,2286
3,5,1,2,2,2,3,2,222,179,348.5,2650
1,3,3,2,0,2,3,0,256,382,490.2,3596
2,5,1,3,0,1,2,2,267,159,352.3,2597
7,3,2,1,1,0,2,0,3,118,318.7,2350
6,4,1,5,2,0,2,3,105,107,373.8,2815
5,5,1,4,1,2,0,2,84,155,278.1,2061
6,4,1,2,0,2,2,3,213,349,402.0,2982
2,2,0,1,0,2,0,0,120,379,160.8,1227
2,2,0,3,2,0,1,2,131,305,174.8,1385
6,1,2,7,0,1,3,3,196,361,467.3,3360
1,5,2,6,2,1,2,0,18,220,288.2,2190
4,4,0,7,1,0,3,3,129,211,278.3,2208
2,3,2,7,2,1,3,1,11,335,276.9,2168
6,2,0,2,2,2,2,0,80,120,252.9,1884
7,2,3,3,0,1,2,0,261,304,608.0,4507
6,3,1,4,0,1,1,0,124,104,286.9,2184
3,4,1,7,2,1,0,2,266,372,400.9,3075
4,4,2,7,0,2,0,2,139,52,377.4,2667
5,5,0,5,0,0,3,2,1,75,263.1,2061
1,5,0,2,0,2,2,1,7,362,204.4,1556
5,6,2,2,2,0,1,1,249,175,472.0,3454
4,6,0,4,0,0,1,0,138,102,204.2,1524
4,1,3,6,2,0,1,1,123,247,416.3,3019
4,2,1,1,0,1,1,3,227,348,343.2,2534
5,5,2,5,1,1,1,0,9,237,316.5,2314
7,4,2,2,0,0,0,0,211,235,429.7,3205
4,3,0,5,0,0,0,3,111,354,200.7,1580
6,4,2,2,2,1,0,0,7,347,293.7,2199
5,2,3,5,2,2,2,1,291,253,653.0,4892
4,6,0,3,0,0,3,2,252,60,218.5,1640
6,4,0,7,1,2,1,3,13,195,318.9,2378
7,1,0,2,0,1,2,1,239,134,196.9,1489
3,2,0,5,0,0,1,3,241,149,219.8,1718
7,6,3,1,1,2,0,3,148,153,559.9,4173
4,3,0,3,2,2,2,0,235,95,229.6,1783
5,6,2,3,0,2,0,0,166,93,427.3,3169
2,1,3,1,2,1,1,1,19,327,296.1,2151
4,2,1,5,2,1,1,3,215,230,347.1,2580
2,3,1,4,1,2,3,0,134,236,267.3,2113
6,1,2,1,1,2,1,0,128,163,319.4,2460
3,6,2,5,2,1,0,3,293,304,554.7,4111
1,1,3,1,0,2,1,1,245,79,442.7,3264
7,2,1,1,2,2,3,1,188,313,352.3,2636
3,5,1,2,0,1,3,3,43,147,245.2,1843
4,1,1,5,0,2,0,1,85,362,271.1,2124
2,1,1,4,1,2,2,0,43,378,251.6,1861
7,6,1,7,0,2,1,3,144,164,398.9,3028
2,6,0,2,0,1,3,0,50,325,179.4,1360
5,3,2,1,2,2,1,2,241,330,466.7,3539
2,6,0,7,1,1,1,2,293,324,272.2,2085
5,4,1,6,0,1,2,1,50,310,301.3,2224
6,2,3,7,0,0,3,2,265,380,613.0,4495
7,2,3,1,1,0,1,0,119,256,427.1,3218
7,5,1,1,2,2,3,2,199,377,456.2,3355
1,5,1,5,1,1,0,0,247,260,299.1,2255
4,2,3,5,1,0,0,1,69,264,332.6,2464
5,5,0,2,0,2,1,1,56,89,209.3,1713
1,3,0,4,0,0,3,0,38,75,107.2,988
2,6,1,2,2,0,1,2,288,76,335.5,2603
2,2,0,3,0,1,3,1,17,239,153.3,1196
1,5,3,1,0,1,3,3,219,132,525.9,3862
7,2,0,7,1,0,2,1,243,219,261.4,1935
2,4,1,6,0,0,2,2,297,216,296.2,2325
6,1,3,1,2,1,2,3,282,237,624.2,4650
6,6,0,1,1,2,1,2,73,218,293.8,2274
1,2,2,2,2,1,2,0,109,338,261.9,1971
5,1,3,6,1,0,2,3,179,278,513.0,3688
5,5,3,6,0,2,0,2,31,146,335.5,2424
1,1,2,6,1,0,3,3,233,65,404.5,3016
5,6,2,2,1,2,3,2,281,328,552.3,4045
7,2,3,1,0,0,2,3,24,184,399.3,2937
7,4,2,2,0,2,3,2,278,75,521.0,3872
5,5,1,5,2,2,0,0,225,61,298.0,2306
6,2,1,5,2,0,0,3,56,121,343.4,2530
5,6,1,2,0,2,2,3,179,182,377.2,2738
7,5,3,6,0,1,0,3,231,155,626.1,4567
3,3,2,1,0,0,3,3,286,269,437.7,3189
4,1,2,2,1,1,1,0,63,226,276.3,2125
2,6,0,2,1,0,3,3,231,331,249.2,1894
3,3,0,2,1,2,1,1,288,182,196.8,1630
5,2,2,3,0,2,2,0,212,71,361.4,2746
6,4,2,5,2,2,1,1,257,318,588.7,4447
1,5,2,7,0,0,0,3,17,210,265.4,1927
5,1,3,6,1,1,3,2,174,156,509.6,3574
6,5,2,4,1,1,1,1,228,328,521.1,3866
4,2,0,7,0,0,3,3,225,284,247.6,1890
5,5,3,6,0,0,2,1,83,67,381.0,2836
7,1,2,4,1,1,2,3,290,291,568.3,4198
1,2,0,3,1,1,0,3,245,166,184.3,1360
6,5,3,2,1,1,2,3,109,335,486.5,3637
6,4,2,3,0,1,1,2,253,331,509.4,3812
6,6,2,3,1,0,2,1,87,193,385.5,2804
4,2,2,7,1,0,0,0,71,254,300.2,2240
5,6,3,1,2,2,3,0,29,88,392.5,2908
4,2,0,7,0,1,3,0,171,203,227.6,1698
2,4,0,5,2,2,2,0,176,225,205.1,1507
2,6,1,4,2,0,1,3,138,290,334.8,2511
5,3,2,2,1,0,0,1,193,183,441.1,3292
7,1,1,7,0,2,1,1,185,95,329.8,2438
4,3,1,4,1,1,0,2,217,99,321.8,2352
1,5,0,6,0,1,2,1,163,215,220.5,1712
6,4,3,4,2,1,0,1,160,155,529.1,3863
6,3,3,6,0,1,0,1,12,265,300.3,2244
5,2,0,7,1,2,2,2,295,195,245.7,1843
7,5,3,5,1,2,1,0,88,121,466.9,3536
2,5,1,7,1,0,2,1,41,379,272.1,2016
2,3,2,6,0,1,0,2,209,322,386.3,2985
6,3,0,4,2,1,2,2,228,296,341.9,2607
5,4,2,4,2,1,0,3,274,235,515.3,3919
4,1,3,6,0,2,2,2,278,119,571.9,4258
2,3,2,3,1,1,3,0,250,199,365.7,2720
4,3,3,5,2,2,3,1,207,295,583.2,4244
7,6,3,1,1,1,2,2,139,311,525.9,3865
2,2,1,2,0,1,1,0,279,75,270.8,2139
2,6,3,4,1,0,0,2,33,189,338.8,2536
3,6,1,2,2,1,3,2,17,148,340.8,2593
2,5,1,1,2,1,1,2,56,327,291.7,2213
1,1,1,7,1,0,0,2,111,100,200.7,1560
5,2,0,2,0,2,3,2,4,200,244.1,1875
5,4,0,1,1,2,3,0,181,153,227.1,1765
4,4,3,6,0,1,2,1,12,138,312.0,2298
7,3,1,3,1,2,0,1,284,190,391.6,2903
2,3,0,4,2,1,1,1,258,262,204.6,1592
1,4,1,1,0,0,1,1,89,282,184.7,1440
4,3,2,2,0,0,1,0,103,232,305.7,2273
3,1,2,4,0,1,0,3,185,300,385.0,2897
4,6,2,3,2,0,1,3,249,58,459.9,3365
4,3,3,6,1,0,1,0,254,128,527.2,3822
2,5,1,7,2,1,1,0,75,101,264.7,2024
3,3,2,4,0,1,2,2,107,318,288.4,2105
4,2,0,7,1,0,2,2,155,275,268.8,2052
1,1,2,1,2,2,0,2,81,100,252.5,1801
1,2,2,3,0,2,0,1,76,235,223.2,1664
5,2,2,2,0,1,1,2,257,83,431.4,3186
3,5,3,3,2,1,2,3,126,340,487.2,3511
3,1,0,3,2,2,3,1,281,279,207.2,1569
5,1,1,5,2,0,3,2,87,180,327.5,2529
4,1,0,3,0,2,1,1,203,169,191.5,1403
3,1,1,3,2,2,1,3,15,375,255.5,1919
1,1,3,4,0,2,2,2,150,296,382.7,2958
1,5,3,2,2,2,2,3,253,241,548.6,3986
2,3,3,4,0,1,2,3,187,372,455.0,3460
3,2,3,4,0,1,0,3,31,259,311.0,2322
4,1,1,1,1,0,0,2,270,152,287.1,2173
5,3,2,4,2,0,1,0,4,378,338.1,2612
5,3,1,5,2,0,0,2,168,182,339.8,2517
4,2,0,5,0,0,2,3,180,372,202.7,1597
7,5,3,7,0,2,2,2,177,188,547.0,4091
6,4,3,1,0,1,0,3,142,170,498.8,3652
2,4,0,7,1,1,3,0,247,143,195.9,1465
5,3,1,7,1,0,1,1,126,178,325.2,2428
3,6,2,6,0,0,3,0,262,140,432.3,3201
2,6,2,2,2,2,1,0,39,141,282.4,2069
3,2,0,2,2,2,3,1,254,112,238.3,1777
7,4,2,4,1,0,0,2,142,78,403.5,2797
1,3,1,4,1,1,1,1,239,259,288.2,2155
2,5,1,6,0,1,1,2,227,61,292.1,2257
5,4,0,4,2,1,1,2,197,382,309.1,2226
2,3,1,2,0,0,2,3,64,346,276.4,2062
2,3,3,7,1,1,2,3,10,179,298.0,2392
2,1,0,3,2,2,3,1,107,342,198.4,1527
6,5,1,5,2,2,0,0,25,222,334.8,2592
2,1,0,3,1,0,2,1,150,257,140.9,1054
3,2,2,3,0,2,1,2,220,73,416.2,3124
1,1,1,2,0,0,2,3,236,148,275.4,2012
7,1,3,3,2,1,0,1,236,188,563.9,4184
4,4,1,6,1,1,2,1,218,363,323.7,2481
2,6,0,1,2,1,1,3,150,223,224.6,1753
5,3,0,4,1,2,3,3,122,78,248.3,1867
2,5,1,1,0,0,1,3,143,192,282.4,2150
5,1,3,7,1,1,0,2,188,365,548.6,4067
3,5,3,5,0,0,3,3,254,400,607.5,4514
5,6,3,4,1,1,2,0,67,91,392.9,2921
4,6,0,3,2,2,2,1,103,348,296.7,2292
1,1,1,5,0,2,2,3,158,257,235.5,1882
5,2,2,4,2,0,3,3,299,379,568.6,4175
5,1,0,6,2,2,1,2,89,241,272.9,2068
1,4,3,6,0,2,3,2,255,209,553.9,4034
4,3,1,6,0,0,3,1,219,113,291.1,2216
2,2,3,6,2,1,0,0,8,292,266.4,2039
5,1,2,3,2,2,3,1,11,307,332.8,2500
1,5,3,1,2,0,2,3,243,201,575.1,4249
3,2,3,4,2,2,1,0,181,264,463.0,3549
1,2,2,3,0,2,1,0,283,371,407.4,2860
3,1,1,6,0,2,1,0,98,215,211.3,1592
4,2,0,7,2,2,2,0,196,80,270.7,2028
2,5,1,1,1,0,2,1,225,281,293.9,2303
1,6,2,7,1,0,2,2,102,331,358.8,2712
7,2,3,5,0,0,2,2,105,78,436.8,3275
7,6,1,7,2,2,2,3,57,244,468.6,3550
6,5,0,5,2,2,3,2,77,383,347.2,2589
5,1,2,5,0,2,2,2,74,305,327.9,2500
4,3,1,6,1,0,2,2,41,330,297.5,2210
1,2,0,5,1,2,2,2,180,353,208.6,1539
7,3,2,2,1,1,2,3,32,370,379.9,2943
5,5,0,4,0,2,1,1,70,372,238.9,1842
7,2,2,4,1,1,2,0,55,395,350.5,2662
1,6,3,6,0,2,3,2,104,343,428.3,3119
3,4,1,2,0,0,3,1,199,136,245.6,1899
1,3,0,7,2,2,3,2,100,198,218.9,1783
6,2,2,3,1,1,0,2,255,298,504.2,3714
1,3,0,7,0,1,1,0,73,370,155.7,1146
1,2,0,3,1,2,2,0,170,332,208.0,1609
6,1,1,5,1,1,0,0,142,247,263.6,1936
4,6,3,1,2,1,2,2,165,93,496.5,3581
1,3,0,3,1,0,0,2,260,77,103.9,804
6,4,2,1,2,2,0,2,220,66,521.2,3823
5,4,2,4,0,2,3,0,82,176,323.6,2371
3,5,3,1,1,2,3,3,181,217,482.7,3655
3,2,2,4,0,1,0,1,9,293,218.5,1787
1,3,3,2,1,2,3,3,3,125,247.3,1918
4,5,2,2,0,2,0,2,291,280,477.0,3557
4,3,1,6,1,0,1,2,280,253,357.1,2663
5,2,0,6,1,0,3,3,214,297,284.9,2098
1,4,1,5,1,0,3,2,97,351,261.5,2079
3,1,0,3,1,1,3,1,100,263,195.5,1504
4,4,0,5,1,2,1,2,8,264,245.5,1840
1,5,0,4,1,0,0,1,60,207,141.3,1178
7,6,1,5,1,0,2,3,145,118,360.3,2690
4,1,0,1,1,0,3,3,62,134,205.4,1638
6,5,1,4,1,2,0,2,120,316,367.0,2718
7,2,3,6,0,2,1,1,225,118,554.9,4156
4,1,2,2,2,2,2,2,104,148,319.5,2459
3,5,2,6,1,1,3,0,259,396,478.0,3621
2,2,0,3,2,1,1,0,254,265,213.8,1597
7,4,1,4,1,0,1,0,206,210,358.6,2677
5,6,2,4,1,2,2,0,27,143,321.7,2533
5,2,1,1,0,0,0,2,169,223,282.8,2121
3,3,1,3,0,2,3,0,75,214,218.3,1720
4,2,0,2,2,2,3,1,115,164,214.7,1783
1,2,2,7,0,2,0,3,68,269,284.1,2035
4,6,0,4,0,1,0,3,233,80,259.2,1949
3,3,0,4,2,1,0,0,0,60,186.9,1446
5,5,2,1,0,2,2,0,166,392,374.1,2686
4,5,2,5,1,0,2,0,217,179,435.3,3207
5,2,3,2,2,2,3,2,272,154,669.3,4861
7,3,3,6,2,2,2,3,250,76,657.7,4887
1,3,1,3,1,0,1,0,173,276,230.1,1653
7,6,2,4,0,2,3,1,169,51,443.9,3409
5,4,3,4,2,0,2,0,245,150,588.9,4381
5,5,1,6,2,1,0,3,89,70,331.3,2422
2,6,1,2,1,1,1,0,48,107,249.8,1960
2,1,1,5,1,0,0,3,293,229,292.7,2243
7,5,3,4,0,1,3,0,149,390,528.5,3903
6,6,2,2,2,1,0,1,131,398,447.6,3279
7,5,0,6,0,0,2,0,58,69,287.6,2204
2,4,1,1,0,1,2,1,198,304,282.8,2144
5,1,3,5,1,2,3,1,214,366,580.7,4240
3,4,3,3,2,2,0,0,48,87,334.5,2428
7,1,0,4,2,0,3,1,231,197,271.3,2002
5,2,0,2,2,1,0,2,246,74,234.2,1756
3,6,3,1,1,2,1,0,238,170,525.1,3950
3,1,2,3,1,2,2,0,167,75,347.5,2654
2,4,0,7,1,1,3,1,47,218,201.6,1525
7,5,3,2,1,1,1,1,50,372,430.5,3175
4,1,0,2,1,2,1,0,298,274,212.0,1686
1,6,2,3,2,2,3,2,97,50,379.6,2849
2,1,1,1,0,0,3,1,215,356,256.0,1958
2,3,0,7,2,0,1,1,176,310,228.0,1699
4,5,2,6,0,2,0,3,79,62,362.1,2700
1,6,3,1,1,0,1,2,184,97,442.3,3285
5,6,0,5,0,2,3,2,26,362,339.1,2536
6,2,0,4,2,2,1,0,194,340,258.7,2007
7,4,3,3,2,0,0,2,213,381,610.9,4544
6,2,1,6,0,0,2,0,113,143,308.1,2263
5,6,3,7,1,1,2,3,241,310,671.4,4904
2,5,0,3,1,1,1,2,123,327,222.4,1660
1,1,3,3,2,1,0,1,75,254,331.9,2573
2,1,2,1,0,2,2,3,195,234,358.7,2818
3,5,3,4,1,0,1,0,43,224,313.3,2328
2,6,0,5,1,2,1,3,185,358,236.4,1792
2,1,3,2,2,0,0,0,245,118,489.2,3673
5,1,1,2,1,2,3,3,83,153,321.9,2375
5,1,3,3,0,1,1,0,206,295,471.5,3547
5,4,1,4,2,1,3,2,150,210,372.7,2782
6,4,2,7,2,1,3,1,155,249,519.4,3735
3,3,1,7,0,2,2,0,15,265,252.4,1839
5,2,3,6,2,0,3,3,164,261,513.1,3774
1,5,0,1,1,0,0,0,144,65,159.2,1320
6,5,1,4,1,1,2,0,36,381,303.1,2229
4,5,2,4,0,1,2,0,44,254,242.2,1812
1,3,1,1,1,1,2,3,205,88,273.4,2081
7,4,1,7,0,1,1,1,61,138,346.7,2496
7,6,1,7,0,0,1,2,18,305,365.6,2750
1,6,2,7,1,2,3,1,299,303,499.1,3601
5,3,3,3,0,2,2,0,6,265,293.7,2249
4,6,1,4,1,2,2,3,248,352,420.7,3081
4,5,1,2,2,2,0,1,116,221,314.9,2311
6,2,0,1,2,1,3,0,67,186,242.6,1863
4,1,2,7,0,1,0,2,33,227,292.5,2254
7,4,1,6,1,1,3,2,193,126,389.1,2924
3,4,2,7,1,2,3,2,54,237,365.3,2743
5,3,1,7,2,1,1,0,265,64,347.0,2612
4,4,3,5,2,1,1,3,41,341,444.5,3323
6,5,3,3,1,0,0,1,296,368,624.4,4623
7,6,1,1,0,0,3,2,230,374,392.3,2901
3,5,3,5,2,1,2,0,9,263,322.4,2461
2,3,1,5,0,0,1,0,127,257,182.3,1365
2,5,3,6,0,0,2,1,178,218,400.9,3052
3,6,0,4,2,1,0,2,192,379,229.8,1802
7,2,0,6,0,1,1,0,91,329,243.5,1984
6,3,0,4,0,1,1,1,230,354,244.0,1888
3,2,2,4,1,1,3,3,77,195,337.2,2582
5,1,2,1,0,2,0,3,84,312,329.8,2381
5,2,0,7,1,2,3,3,29,53,274.2,2131
2,1,2,1,2,1,1,2,212,139,368.5,2824
4,1,3,3,2,0,0,1,48,109,332.4,2584
6,2,1,4,1,1,1,1,264,360,387.1,2894
2,3,1,5,2,1,0,0,144,65,244.1,1837
4,6,1,7,0,0,1,0,68,276,285.5,2090
4,5,0,2,0,2,2,0,57,78,203.4,1505
5,5,2,3,0,1,2,1,184,200,390.4,2909
7,6,3,1,2,1,3,0,61,294,476.7,3427
1,1,3,6,0,2,2,1,295,319,523.1,3820
7,1,0,3,2,2,1,1,165,128,288.1,2180
1,3,3,3,0,0,1,3,170,338,431.0,3207
3,4,3,7,1,2,2,0,62,202,360.6,2638
5,2,3,3,2,2,3,3,146,326,486.8,3531
4,1,3,3,2,2,2,2,160,328,524.0,3808
6,5,2,2,0,0,0,2,140,106,382.2,2839
1,3,3,6,2,2,0,2,96,235,394.3,3067
7,2,1,6,2,2,0,1,220,142,384.1,2929
4,3,0,6,1,0,2,1,42,325,227.6,1752
1,2,2,4,1,2,2,1,291,207,427.1,3208
1,2,3,5,0,2,2,0,107,324,339.8,2608
1,6,2,6,1,0,0,3,265,230,443.6,3334
6,1,3,3,0,1,3,1,94,126,392.7,2909
5,3,1,3,0,0,1,3,261,200,356.9,2619
6,3,0,6,0,2,2,3,70,287,297.9,2237
2,6,3,7,2,2,3,3,218,338,599.8,4479
4,5,3,6,1,2,1,0,20,280,355.8,2646
5,5,3,3,0,0,1,0,91,67,367.4,2679
5,1,3,4,1,2,1,2,126,122,482.6,3471
5,1,0,1,0,2,3,2,79,238,254.8,1927
7,4,0,1,1,0,3,3,237,66,306.5,2245
5,6,1,6,1,1,0,2,181,68,318.0,2363
6,5,0,2,0,1,3,3,24,268,304.6,2380
5,2,3,6,2,2,3,0,155,375,504.0,3726
3,3,1,7,1,0,3,0,4,169,206.3,1540
4,1,1,6,2,2,1,0,119,150,274.4,2094
5,3,1,1,2,0,2,1,276,83,338.9,2655
4,3,3,3,0,0,0,3,17,133,305.6,2293
3,4,2,6,0,1,2,0,197,245,416.8,2960
3,5,3,3,0,1,2,3,56,379,394.6,2980
4,1,0,3,1,0,3,2,92,251,271.3,2074
1,3,0,2,0,2,0,2,18,393,139.4,1109
2,1,3,3,0,1,2,0,192,390,417.7,3094
7,2,3,1,1,2,2,3,236,60,584.7,4261
1,4,1,4,1,1,0,0,276,396,318.9,2487
1,2,3,4,0,1,3,2,226,267,474.2,3404
6,1,1,5,0,2,2,0,232,302,340.2,2531
7,1,0,7,0,1,1,3,39,271,286.4,2142
7,5,1,6,0,1,2,2,152,129,342.4,2616
1,3,3,7,2,2,1,1,126,56,383.4,2935
5,3,0,1,2,1,3,2,236,321,299.6,2244
6,2,2,3,0,1,2,1,54,276,312.9,2364
6,4,1,4,2,1,0,0,171,65,304.8,2311
3,6,0,7,1,2,0,0,108,61,200.8,1609
7,3,1,1,2,0,2,3,183,340,398.5,3031
1,5,0,4,2,2,3,1,197,290,233.5,1749
3,2,0,3,0,0,3,0,86,70,150.2,1208
4,2,1,7,2,1,0,1,200,227,314.9,2390
2,6,2,4,2,0,2,0,274,277,483.7,3576
6,5,0,6,2,2,3,2,210,322,338.2,2557
4,4,0,6,2,2,0,0,117,337,258.1,1960
4,5,0,5,1,1,1,3,190,346,266.5,2028
5,4,2,5,0,0,2,2,41,183,349.5,2535
2,5,2,4,0,1,1,3,41,332,290.4,2136
4,5,3,1,1,1,1,2,275,202,607.4,4522
4,1,1,6,2,2,3,1,16,115,287.5,2097
2,2,2,1,1,0,3,3,282,186,443.9,3324
2,5,1,1,2,0,3,0,257,141,319.3,2394
4,6,3,4,1,0,2,1,62,366,360.9,2760
2,5,1,1,0,0,1,0,61,308,224.6,1756
4,3,2,6,0,1,2,2,99,152,341.6,2532
4,2,1,3,0,1,3,2,18,104,246.5,1861
5,3,2,5,2,2,1,0,16,306,327.3,2337
1,2,1,3,2,1,2,0,245,150,259.6,1961
4,3,2,1,1,1,2,1,250,247,462.6,3355
3,5,2,3,1,2,0,0,80,350,330.0,2463
6,5,1,6,0,2,2,3,38,275,319.5,2362
7,1,3,6,2,2,3,3,35,286,465.8,3401
1,6,0,1,1,1,2,0,196,75,141.4,1189
1,3,3,4,2,1,1,3,157,170,462.5,3353
1,4,1,3,2,2,2,0,203,231,320.3,2348
5,1,3,4,0,2,0,1,195,248,462.5,3388
4,3,2,4,0,2,1,3,215,351,443.1,3261
5,3,0,2,2,1,1,3,284,304,277.0,2042
4,1,1,1,2,1,0,0,195,171,277.5,2076
5,5,1,5,2,0,3,3,151,80,410.9,3077
5,3,1,6,2,1,1,2,13,364,293.8,2256
6,5,0,6,0,1,3,1,145,334,279.6,2150
3,1,2,1,1,1,1,1,56,155,287.7,2057
5,5,1,7,0,2,1,3,210,273,377.9,2844
6,2,3,7,1,1,3,3,267,322,636.4,4709
2,4,1,7,2,2,1,2,209,281,349.9,2580
3,3,1,5,1,0,3,2,16,305,275.1,2181
5,6,1,6,0,0,0,3,285,73,371.7,2841
7,4,1,1,0,2,3,3,202,158,403.4,2993
1,5,2,6,2,2,0,2,98,240,317.3,2349
2,3,3,4,0,2,1,0,278,396,517.2,3923
2,5,2,3,2,1,3,2,208,74,418.7,3113
6,2,3,3,0,0,1,0,128,236,428.1,3187
2,1,1,6,0,2,3,1,287,337,322.6,2427
3,3,0,2,2,1,0,1,251,165,180.6,1539
5,2,2,5,1,0,0,2,264,387,492.2,3631
5,2,0,7,0,1,3,0,270,86,212.2,1626
7,3,2,5,1,0,0,2,187,331,447.8,3274
1,5,1,5,0,1,1,2,213,186,253.7,1903
6,6,2,4,0,0,1,0,282,276,505.1,3675
1,2,1,5,0,0,2,2,210,369,287.8,2124
2,4,2,3,0,1,0,1,75,377,283.4,2032
7,2,1,4,1,2,1,3,147,231,355.2,2710
1,6,1,1,1,0,3,3,212,135,270.6,2058
3,5,3,5,0,2,0,2,108,102,431.1,3218
5,5,1,5,0,1,1,0,128,397,336.4,2519
2,4,3,1,1,2,0,0,9,284,271.2,2057
7,2,1,5,2,2,3,1,46,316,383.9,2961
1,5,0,1,2,2,1,0,95,336,205.4,1533
6,6,1,4,1,2,2,0,102,149,333.0,2514
3,3,0,3,0,2,2,1,145,136,200.0,1556
3,1,0,1,0,0,0,2,26,64,124.5,1065
1,1,1,2,2,0,3,3,219,150,262.7,2018
5,1,0,1,2,0,1,1,17,214,234.6,1818
1,2,3,5,1,1,3,2,166,78,438.7,3183
2,4,2,7,2,2,1,1,81,163,306.3,2257
1,5,1,7,1,0,0,2,71,156,213.6,1568
3,3,0,4,2,1,1,1,253,179,208.4,1452
7,6,1,6,2,0,3,2,161,133,404.8,3038
1,3,3,4,2,0,3,1,37,320,320.0,2388
5,6,1,6,0,2,0,2,200,293,372.4,2805
7,2,1,7,0,1,3,1,199,263,389.0,2903
6,1,0,7,0,2,1,3,254,355,276.7,2107
4,2,3,1,2,2,0,3,178,215,494.2,3739
1,4,2,3,1,0,1,0,34,328,198.2,1527
5,4,2,2,1,2,3,2,81,108,375.9,2847
7,6,0,4,1,1,0,1,219,139,257.9,1939
5,5,1,5,1,2,1,2,157,380,361.2,2750
6,5,0,6,0,2,3,3,3,243,296.0,2157
3,6,0,5,0,2,3,2,166,172,235.6,1686
5,4,0,3,2,0,2,1,203,185,232.5,1900
7,4,1,6,2,1,3,2,193,188,408.1,3148
5,4,3,4,1,0,1,1,234,278,588.9,4223
5,2,0,1,0,0,0,3,205,323,242.7,1845
5,4,1,5,1,0,2,3,149,99,371.7,2785
2,3,3,3,2,0,3,3,158,167,464.5,3488
2,1,0,4,2,0,3,0,278,251,182.5,1518
3,4,2,7,1,1,3,3,165,240,447.9,3261
1,6,3,7,2,2,1,2,67,372,371.7,2716
5,1,0,4,1,0,2,0,87,230,221.5,1695
6,2,3,4,0,0,1,3,216,127,565.0,4110
1,6,3,4,1,1,2,2,0,124,264.1,1839
6,1,3,6,0,1,0,2,134,344,483.9,3570
1,6,3,4,0,2,1,2,184,330,516.8,3872
3,2,3,5,2,1,1,1,139,70,438.1,3253
5,3,3,3,2,2,0,0,105,220,440.7,3310
5,2,0,6,2,0,2,2,132,64,227.7,1768
4,2,2,4,1,0,3,1,107,260,364.1,2660
6,6,1,2,1,2,0,3,177,97,363.2,2719
1,5,3,2,2,1,3,2,297,135,610.0,4400
1,4,1,3,1,2,3,1,145,198,277.0,2064
2,4,0,7,2,1,0,2,73,237,163.0,1277
4,3,3,1,1,0,2,0,107,355,403.9,3008
7,3,2,1,0,1,3,0,121,200,433.1,3141
7,4,1,7,0,2,0,3,16,190,288.0,2108
2,5,3,6,2,2,1,2,195,118,519.1,3855
2,4,0,6,1,0,1,1,296,309,160.8,1307
2,5,2,6,1,1,1,3,251,383,455.5,3367
6,3,1,1,0,1,0,2,118,58,250.3,1887
6,1,1,2,0,1,1,3,161,170,317.1,2439
3,6,3,1,2,0,3,1,197,150,537.7,3925
3,3,2,5,0,1,1,3,44,198,298.8,2355
2,3,2,4,2,2,1,3,178,195,388.6,2817
4,2,2,6,0,1,3,3,43,292,308.3,2383
1,2,2,2,0,0,1,2,270,290,386.6,2916
6,2,0,3,1,1,3,1,77,386,250.9,2051
4,6,2,3,0,1,1,0,177,92,354.7,2587
5,2,1,4,0,2,3,2,2,144,257.4,1813
6,5,1,2,2,1,1,0,213,275,361.7,2779
6,4,0,1,0,2,3,0,73,55,242.6,1758
3,1,1,1,2,2,0,2,50,263,277.5,2135
1,3,1,5,0,0,3,2,66,255,270.5,2119
1,5,2,5,0,2,1,1,92,116,292.4,2228
7,1,1,1,2,2,1,1,175,149,365.1,2743
7,5,0,3,1,0,2,3,144,61,288.9,2204
7,5,2,6,2,2,3,0,6,286,375.3,2852
7,3,3,3,2,0,0,1,268,371,669.8,4958
5,4,2,5,2,1,3,3,3,307,359.1,2613
5,2,0,4,1,0,3,1,137,386,247.3,1990
6,6,2,1,0,2,0,2,230,184,506.2,3748
2,4,2,5,2,0,3,1,87,271,329.2,2501
3,6,0,5,2,2,0,0,16,205,272.4,2104
3,3,2,6,1,1,0,1,51,191,297.4,2311
7,3,0,1,2,0,3,0,133,207,283.7,2206
6,3,0,6,0,1,3,2,210,375,268.0,2038
4,1,3,1,1,2,1,0,218,393,515.5,3816
2,6,1,6,0,2,1,1,204,311,305.7,2326
6,4,1,3,0,1,2,3,210,332,392.4,2991
2,4,2,4,1,0,2,2,276,387,459.1,3339
2,5,2,4,2,0,3,1,23,393,325.9,2485
2,5,3,1,0,2,0,2,3,278,273.8,2018
6,5,3,2,0,1,2,2,151,329,553.6,4197
7,3,3,7,0,1,3,1,258,339,627.5,4640
3,4,0,5,0,0,2,1,167,217,184.7,1405
3,6,3,5,1,0,0,3,175,96,501.4,3736
7,3,3,1,1,0,3,2,290,252,685.2,5034
2,1,2,6,0,1,0,2,55,263,271.9,2048
4,5,3,2,2,0,3,1,107,295,453.3,3255
1,3,0,3,0,0,2,0,295,73,126.6,950
6,3,0,6,2,2,1,1,140,370,307.4,2305
1,1,2,6,0,0,2,2,154,323,289.1,2080
7,2,3,1,2,0,2,1,261,93,631.0,4608
4,4,3,1,0,1,1,3,272,381,575.9,4216
6,6,0,5,2,1,1,0,231,362,285.4,2108
